Search_Query,Title,Price,Link
pandas,"Wall Sticker for Living Room - Panda Playing on Bamboo Tree, Decorative Art Decal (PVC Vinyl, Size - 120X80cm ) For Home Decor", 449,https://www.daraz.com.np/products/wall-sticker-for-living-room-panda-playing-on-bamboo-tree-decorative-art-decal-pvc-vinyl-size-120x80cm-for-home-decor-i113689526-s1030910863.html?search=1
pandas,Panda Bear cute funny Vinyl Decal Sticker light switch cover outlet wall art gift present home house decor decoration | Decalsnation, 163,https://www.daraz.com.np/products/panda-bear-cute-funny-vinyl-decal-sticker-light-switch-cover-outlet-wall-art-gift-present-home-house-decor-decoration-decalsnation-i105516123-s1027274739.html?search=1
pandas,Baby Panda Sleeping on Moon Wall Sticker 65cm(H) x 85cm(W), 450,https://www.daraz.com.np/products/baby-panda-sleeping-on-moon-wall-sticker-65cmh-x-85cmw-i110473862-s1029957263.html?search=1
pandas,Panda Boy on Rainbow and 90 Stars Wall Stickers 60cm(H) x 110cm(W), 450,https://www.daraz.com.np/products/panda-boy-on-rainbow-and-90-stars-wall-stickers-60cmh-x-110cmw-i115623075-s1031606442.html?search=1
pandas,Baby And Children's Cute Animals Wall Stickers Cartoon Giraffe Panda Bird Money Plants Flowers Wallpaper Decorative Decals DIY Art Mural for Kids Bedroom 90cm(H) x 120cm(W), 899,https://www.daraz.com.np/products/baby-and-childrens-cute-animals-wall-stickers-cartoon-giraffe-panda-bird-money-plants-flowers-wallpaper-decorative-decals-diy-art-mural-for-kids-bedroom-90cmh-x-120cmw-i109736343-s1029726166.html?search=1
pandas,Pandas Hugs Wall Sticker 90cm(H) x 70cm(W), 950,https://www.daraz.com.np/products/pandas-hugs-wall-sticker-90cmh-x-70cmw-i110038412-s1029790792.html?search=1
pandas,Ballerina Panda and 70 Hearts Wall Stickers, 499,https://www.daraz.com.np/products/ballerina-panda-and-70-hearts-wall-stickers-i118118282-s1032386026.html?search=1
pandas,Dolls Creative Couples Giant Panda Dolls Cute Big Eyes Panda Plush Toys, 599,https://www.daraz.com.np/products/dolls-creative-couples-giant-panda-dolls-cute-big-eyes-panda-plush-toys-i105842001-s1027679020.html?search=1
pandas,Lovely Cartoon Cat Panda Puppy Animals Removable Washable Self Adhesive Non-Stick Keys Hook Holder Racks Fridge Stickers, 397,https://www.daraz.com.np/products/lovely-cartoon-cat-panda-puppy-animals-removable-washable-self-adhesive-non-stick-keys-hook-holder-racks-fridge-stickers-i118668764-s1032517893.html?search=1
pandas,Dolls Creative Couples Giant Panda Dolls Cute Big Eyes Panda Plush Toys," 1,500",https://www.daraz.com.np/products/dolls-creative-couples-giant-panda-dolls-cute-big-eyes-panda-plush-toys-i112924025-s1030658179.html?search=1
pandas,White/Black Panda Doll, 900,https://www.daraz.com.np/products/whiteblack-panda-doll-i107764168-s1029017422.html?search=1
pandas,Lovely Cartoon Cat Panda Puppy Animals Removable Washable Self Adhesive Non-Stick Keys Hook Holder Racks Fridge Stickers, 449,https://www.daraz.com.np/products/lovely-cartoon-cat-panda-puppy-animals-removable-washable-self-adhesive-non-stick-keys-hook-holder-racks-fridge-stickers-i118709948-s1032526216.html?search=1
pandas,Panda Doll 15 Inches Soft & Cuddly Stuffed Toys, 976,https://www.daraz.com.np/products/panda-doll-15-inches-soft-cuddly-stuffed-toys-i105886580-s1027799083.html?search=1
pandas,Dolls Creative Couples Giant Panda Dolls Cute Big Eyes Panda Plush Toys, 599,https://www.daraz.com.np/products/dolls-creative-couples-giant-panda-dolls-cute-big-eyes-panda-plush-toys-i105821027-s1027650691.html?search=1
pandas,Panda Toy-200Cm," 3,749",https://www.daraz.com.np/products/panda-toy-200cm-i103394026-s1024100791.html?search=1
pandas,Panda Riding A Bicycle Home Decor/ Wall Sticker/ Laptop/ Fridge/ Car Decals, 149,https://www.daraz.com.np/products/panda-riding-a-bicycle-home-decor-wall-sticker-laptop-fridge-car-decals-i100279-s1022178113.html?search=1
pandas,Funny Panda Quote Wall Decal Sticker, 499,https://www.daraz.com.np/products/funny-panda-quote-wall-decal-sticker-i117652843-s1032259354.html?search=1
pandas,Cute Little Animals Panda On Bamboo Trees Wall Sticker-110*115Cm, 850,https://www.daraz.com.np/products/cute-little-animals-panda-on-bamboo-trees-wall-sticker-110115cm-i100218163-s1020473166.html?search=1
pandas,The Universe of Pandas Wall Sticker 107cm x 107cm, 899,https://www.daraz.com.np/products/the-universe-of-pandas-wall-sticker-107cm-x-107cm-i110137800-s1029827323.html?search=1
pandas,Dolls Creative Couples Giant Panda Dolls Cute Big Eyes Panda Plush Toys, 555,https://www.daraz.com.np/products/dolls-creative-couples-giant-panda-dolls-cute-big-eyes-panda-plush-toys-i113475786-s1030848119.html?search=1
pandas,4 feet Korean Teddy Panda For Everyone," 4,850",https://www.daraz.com.np/products/4-feet-korean-teddy-panda-for-everyone-i113617472-s1030907023.html?search=1
pandas,Blue 50cm Panda Superman," 1,105",https://www.daraz.com.np/products/blue-50cm-panda-superman-i114458541-s1031087116.html?search=1
pandas,Black/White PP Cotton Panda Doll 6 Inch, 475,https://www.daraz.com.np/products/blackwhite-pp-cotton-panda-doll-6-inch-i121760479-s1033111436.html?search=1
pandas,Black/White PP Cotton Panda Doll 6 Inch, 475,https://www.daraz.com.np/products/blackwhite-pp-cotton-panda-doll-6-inch-i121753676-s1033095990.html?search=1
pandas,Pandas Acrobats in the Stars Wall Stickers 105cm(H) x 135cm(W), 950,https://www.daraz.com.np/products/pandas-acrobats-in-the-stars-wall-stickers-105cmh-x-135cmw-i109960622-s1029770738.html?search=1
pandas,White/Black Panda With Pink T-Shirts 30/20 0.3, 900,https://www.daraz.com.np/products/whiteblack-panda-with-pink-t-shirts-3020-03-i109101206-s1029466697.html?search=1
pandas,White/Black Baby Panda 20/20 0.2, 600,https://www.daraz.com.np/products/whiteblack-baby-panda-2020-02-i109092361-s1029462984.html?search=1
pandas,Panda Bear 5 Piece Wall Sticker Set 60cm x 60cm, 599,https://www.daraz.com.np/products/panda-bear-5-piece-wall-sticker-set-60cm-x-60cm-i109769910-s1029719899.html?search=1
pandas,White/Black Color Panda Shaped Stuffed Toy 28cm, 425,https://www.daraz.com.np/products/whiteblack-color-panda-shaped-stuffed-toy-28cm-i113330168-s1030806563.html?search=1
pandas,Black/White 40cm Item Mix-4 Panda Doll," 1,155",https://www.daraz.com.np/products/blackwhite-40cm-item-mix-4-panda-doll-i114472129-s1031093023.html?search=1
pandas,White/Black Panda Shaped Stuffed Doll, 750,https://www.daraz.com.np/products/whiteblack-panda-shaped-stuffed-doll-i113473238-s1030829948.html?search=1
pandas,Stuffed Panda Toy," 1,199",https://www.daraz.com.np/products/stuffed-panda-toy-i117239138-s1032111348.html?search=1
pandas,Panda Stuffed Toy - 5.5 Feet," 4,499",https://www.daraz.com.np/products/panda-stuffed-toy-55-feet-i115630822-s1031606846.html?search=1
pandas,Fluffy Super Soft Teddy Cute Panda Soft Toy For Kids, 799,https://www.daraz.com.np/products/fluffy-super-soft-teddy-cute-panda-soft-toy-for-kids-i106296178-s1028017336.html?search=1
pandas,Elephant(small), 300,https://www.daraz.com.np/products/elephantsmall-i112307980-s1030381751.html?search=1
pandas,Lovely Cartoon Cat Panda Puppy Animals Removable Washable Self Adhesive Non-Stick Keys Hook Holder Racks Fridge Stickers, 429,https://www.daraz.com.np/products/lovely-cartoon-cat-panda-puppy-animals-removable-washable-self-adhesive-non-stick-keys-hook-holder-racks-fridge-stickers-i118863952-s1032551927.html?search=1
pandas,Taddy Bear Panda," 1,799",https://www.daraz.com.np/products/taddy-bear-panda-i113608548-s1030895911.html?search=1
pandas,Panda Soft Stuffed Toy, 385,https://www.daraz.com.np/products/panda-soft-stuffed-toy-i105857997-s1027757480.html?search=1
pandas,Navy Blue/Red 50cm Panda Avenger-4," 1,165",https://www.daraz.com.np/products/navy-bluered-50cm-panda-avenger-4-i114416547-s1031070144.html?search=1
pandas,"Cute Baby Panda Wearing Purple Tshirt 8""", 499,https://www.daraz.com.np/products/cute-baby-panda-wearing-purple-tshirt-8-i108464067-s1029273936.html?search=1
